relation,outcome,estimate,se,p,mean_y,rel_to_mean,mean_K,n,searches
higher_star,Click,0.001015112998998625,0.00015005754254413713,1.3347101202043632e-11,0.04658918810798013,0.021788596028887424,7.07835,2939652,121546
higher_star,Booking,-3.155597062491127e-05,5.007344806531163e-05,0.5285678721867293,0.005390093793415003,-0.005854438129344377,7.07835,2939652,121546
higher_rev,Click,0.00018719256701042102,0.00016047257100445763,0.24340904258993556,0.04658918810798013,0.0040179400975299965,8.573254,2939652,121546
higher_rev,Booking,-0.00012941542784150216,5.3461040910949916e-05,0.015488833428997761,0.005390093793415003,-0.024009865653842062,8.573254,2939652,121546
cheaper,Click,-0.0014686754022664777,0.00013881341182922033,0.0,0.04658918810798013,-0.031523953558978475,12.190067,2939652,121546
cheaper,Booking,2.2228001277250056e-05,4.441674751193111e-05,0.616763960293635,0.005390093793415003,0.004123861685747597,12.190067,2939652,121546
dominant,Click,-0.001496336561744327,0.00012591773389541272,0.0,0.04658918810798013,-0.03211767842522295,5.8791995,2939652,121546
dominant,Booking,-3.387720563873806e-05,3.947534742219671e-05,0.39078955364856105,0.005390093793415003,-0.006285086482191708,5.8791995,2939652,121546
higher_star,Click (joint),0.00036458174333197204,0.00016328301279275946,0.025560749480711742,0.04658918810798013,0.007825458183280164,7.07835,2939652,121546
higher_rev,Click (joint),-0.00039154158647364756,0.0001658981433683789,0.018268412767026287,0.04658918810798013,-0.008404129850174004,8.573254,2939652,121546
cheaper,Click (joint),-0.001188888386758272,0.0001840848126056353,1.0583445231304722e-10,0.04658918810798013,-0.025518547007146293,12.190067,2939652,121546
dominant,Click (joint),-0.000349660172638415,0.00017125560118613965,0.04117688743956416,0.04658918810798013,-0.007505178493945953,5.8791995,2939652,121546
higher_star,Booking (joint),-4.920384191430662e-05,5.4982611847109175e-05,0.3708414940852278,0.005390093793415003,-0.00912856877823132,7.07835,2939652,121546
higher_rev,Booking (joint),-0.0001459498986671872,5.5379572070804444e-05,0.008402667394288299,0.005390093793415003,-0.027077432093202534,8.573254,2939652,121546
cheaper,Booking (joint),-9.898830847885379e-06,5.903804497333241e-05,0.866843940027296,0.005390093793415003,-0.0018364858251592267,12.190067,2939652,121546
dominant,Booking (joint),7.303146700606091e-06,5.48305838401281e-05,0.8940393512995719,0.005390093793415003,0.0013549201517658628,5.8791995,2939652,121546
