rank,n,click,book,click_lo,click_hi,book_lo,book_hi
1,121546,0.14234939858160697,0.018470373356589274,0.14038504911900918,0.14431374804420477,0.01771340926282464,0.019227337450353908
2,121546,0.10827999275994274,0.01449656920013822,0.10653306840235262,0.11002691711753286,0.013824603009329011,0.015168535390947428
3,121546,0.090401987724812,0.012431507412831356,0.08878985988830092,0.09201411556132309,0.011808588889607065,0.013054425936055646
4,121546,0.07796225297418262,0.00988103269544041,0.07645494402810338,0.07946956192026186,0.009324961250398191,0.010437104140482628
5,121546,0.06992414394550212,0.008589340661148866,0.06849044323580088,0.07135784465520335,0.008070549651238624,0.009108131671059108
6,118472,0.06117901276250928,0.00743635626983591,0.05981430130283956,0.062543724222179,0.00694713257058492,0.007925579969086901
7,115503,0.05465658900634616,0.006216288754404648,0.05334567108000451,0.05596750693268781,0.005763004152748691,0.006669573356060604
8,112832,0.05164315087918321,0.005716463414634146,0.050351835906535615,0.05293446585183081,0.005276558547980882,0.006156368281287411
9,110204,0.046486515915937714,0.00550796704293855,0.04524347818683746,0.04772955364503797,0.005070994938797092,0.0059449391470800085
10,107631,0.042896563257797476,0.005063596919103232,0.04168602624949025,0.044107100266104704,0.004639549320813166,0.005487644517393298
11,105244,0.040344342670366004,0.004465812777925583,0.03915554913622244,0.04153313620450957,0.004062969850141799,0.004868655705709367
12,102803,0.03759617909983172,0.0041438479421806755,0.03643338263880738,0.03875897556085606,0.0037511547360030025,0.004536541148358349
13,100500,0.035870646766169155,0.00382089552238806,0.03472087855581941,0.0370204149765189,0.0034394571893966957,0.0042023338553794235
14,98145,0.03488715675785827,0.003403128024861175,0.033739151657572984,0.03603516185814356,0.003038776253500585,0.0037674797962217645
15,95925,0.03123273390669794,0.00326296585874381,0.03013194284127588,0.03233352497212,0.002902065985332116,0.003623865732155504
16,93783,0.030335988398750305,0.0029216382500026655,0.029238288246984302,0.03143368855051631,0.0025761988446923486,0.0032670776553129824
17,91623,0.030461783613284873,0.002837715420800454,0.029348991733013786,0.03157457549355596,0.0024932694098032094,0.003182161431797699
18,89421,0.027789892754498384,0.002639201082519766,0.02671253532362969,0.028867250185367076,0.002302922895202054,0.002975479269837478
19,87171,0.027199412648701977,0.002432001468378245,0.026119566876434644,0.02827925842096931,0.002105019933522275,0.002758983003234215
20,84993,0.025613874083748073,0.0025413857611803325,0.024551768547009946,0.0266759796204862,0.0022028946794294293,0.0028798768429312356
21,82659,0.023857051258786097,0.0021050339345987734,0.02281670935803032,0.024897393159541873,0.0017925821824118179,0.002417485686785729
22,80500,0.024645962732919253,0.002472049689440994,0.02357490675896145,0.025717018706877058,0.00212900613326571,0.002815093245616278
23,78271,0.022818157427399677,0.002095284332639164,0.02177203235611269,0.023864282498686662,0.0017749366030241844,0.0024156320622541433
24,76024,0.02253235820267284,0.0020782910659791643,0.02147740005345867,0.02358731635188701,0.001754561672347421,0.002402020459610908
25,73682,0.02190494286257159,0.0016557639586330447,0.020848035403451762,0.02296185032169142,0.0013621918863750573,0.001949336030891032
26,71037,0.021397299998592283,0.0015907203288427158,0.020333165659433775,0.02246143433775079,0.0012976546334961142,0.0018837860241893174
27,68212,0.02116929572509236,0.0020817451474813816,0.020089024827035368,0.02224956662314935,0.0017396972353919524,0.0024237930595708106
28,63522,0.020197726771827084,0.0018261389754730645,0.019103733987698178,0.02129171955595599,0.0014941191637540705,0.0021581587871920584
29,60042,0.02070217514406582,0.001848705905865894,0.01956325341060141,0.021841096877530233,0.0015051000175427826,0.0021923117941890055
30,55781,0.019540703823882684,0.0016493071117405567,0.01839202713157,0.020689380516195368,0.0013125589364190817,0.0019860552870620317
31,48066,0.019202762867723547,0.001643573419880997,0.017975864590487316,0.02042966114495978,0.0012814351321399388,0.002005711707622055
32,34904,0.017591107036442816,0.0014038505615402246,0.016211958002603884,0.018970256070281747,0.0010110484127074985,0.0017966527103729507
33,18543,0.01725718600010786,0.0016717898937604486,0.015382748342730023,0.019131623657485695,0.0010837678711155818,0.0022598119164053154
34,5315,0.013358419567262464,0.0015051740357478834,0.010271952240250336,0.01644488689427459,0.00046292691179569993,0.0025474211597000668
35,1009,0.014866204162537165,0.0019821605550049554,0.007398997969536653,0.022333410355537677,-0.0007622498366820375,0.004726570946691948
