rank,click,book,n
1,0.11542846285388561,0.014277571184278385,73682
2,0.0851496973480633,0.010979615102738796,73682
3,0.07189001384327244,0.009445997665644254,73682
4,0.06035395347574713,0.007505225156754703,73682
5,0.054341630248907466,0.0069352080562416875,73682
6,0.04839716620070031,0.0058766048695746585,73682
7,0.04500420726907522,0.005035151054531636,73682
8,0.04291414456719416,0.00483157351863413,73682
9,0.04021334925762059,0.004532993132651123,73682
10,0.0370646833690725,0.004370131103933118,73682
11,0.035816074482234464,0.004030835210770608,73682
12,0.03437745989522543,0.003745826660514101,73682
13,0.033074563665481393,0.00333867158871909,73682
14,0.03280312695095139,0.003189381395727586,73682
15,0.029111587633343285,0.0029722320241035802,73682
16,0.02915230314052279,0.002700795309573573,73682
17,0.029138731304796286,0.002700795309573573,73682
18,0.027320105317445238,0.0026465079666675713,73682
19,0.026519367009581716,0.002415786759317065,73682
20,0.025379332808555685,0.0023614994164110636,73682
21,0.023438560299666133,0.0020629190304280558,73682
22,0.024660025515051167,0.0025243614451290683,73682
23,0.02265139382752911,0.002076490866154556,73682
24,0.022529247305990607,0.0020900627018810565,73682
25,0.02190494286257159,0.0016557639586330447,73682
