variable,algorithmic,random,smd,type
Length of stay (nights),2.15598024463819,2.9415447649449593,-0.35365583742210455,pre-treatment
Booking window (days),32.986119410506916,49.573749856021585,-0.30162470473716996,pre-treatment
Adults,1.9508023815866204,2.0525809158672437,-0.11511756794616332,pre-treatment
Children,0.3680372068913383,0.3893587612920211,-0.027941711412046436,pre-treatment
Rooms,1.130033333573316,1.121377914534415,0.0193190711234845,pre-treatment
Includes Saturday night,0.5138337928998769,0.4815543086568048,0.06459312558099228,pre-treatment
Has purchase history,0.06344898091418945,0.028960229049084296,0.16484521211150302,pre-treatment
Domestic search,0.6467829142038459,0.5990160103993549,0.0986770599819514,pre-treatment
Clicks per search,1.1040972217222587,1.126783275467724,-0.038829310605800235,outcome
Search ends in a booking,0.9386244681387195,0.13036216740986953,2.7643799000381186,outcome
